year,income
2035,53715.670222758316
1901,-57298.649857084965
2300,273258.91515677655
2156,153959.94432470622
3211,1027990.5986846655
3101,936859.4404101677
1045,-766464.7542477251
3194,1013906.6924058797
1453,-428451.0035568592
